Nome do campo,Nome como consta na etiqueta adesiva local,Valores aceitos,Exemplo,Obrigatório?
contribution_sku#1.value,SKU,Este atributo indica o número da SKU conforme atribuído pelo colaborador,ABC123,Obrigatório
::record_action,Ação de oferta,Especifique o tipo de operação a ser acionada com base nos dados fornecidos,(Padrão) Criar ou substituir,Obrigatório
product_type#1.value,Tipo de produto,Selecione o tipo de produto mais adequado para o item,ACESSÓRIO,Obrigatório
item_name[marketplace_id=A2Q3Y263D00KWC][language_tag=pt_BR]#1.value,Nome do item,Forneça um título para o item que pode ser exibido para o cliente na página de detalhes do produto,"Camisa Manga Curta com Ajuste Clássico Maya Bay Robert Graham Masculina, Vinho, XG",Obrigatório
brand[marketplace_id=A2Q3Y263D00KWC][language_tag=pt_BR]#1.value,Nome da marca,"Forneça o nome da marca do produto. Caso o nome não esteja disponível na lista, insira-o manualmente.",Sony,Obrigatório
amzn1.volt.ca.product_id_type,Tipo de ID do produto,"Selecione o tipo de ID externo (código de barras) ou ASIN que está sendo usado para identificar esse produto. Se o produto estiver isento de ID externa, selecione Isento de GTIN.",UPC,Obrigatório
amzn1.volt.ca.product_id_value,ID do produto,Informe o valor de ID do produto correspondente com base no tipo que foi selecionado,714532191586,Condicionalmente obrigatório
recommended_browse_nodes[marketplace_id=A2Q3Y263D00KWC]#1.value,Caminhos de Navegação Recomendados,"Indique o browse node ou a secção do site da Amazon onde o produto será designado. Isso permite que os clientes encontrem o produto no site com facilidade. Se não fornecer um node ou se fornecer um node incorreto, talvez os clientes não consigam encontrar seu produto.",Barras dietéticas,Obrigatório
model_number[marketplace_id=A2Q3Y263D00KWC]#1.value,Número do modelo,Forneça o número do modelo do fabricante para o item,RXZER23,Condicionalmente obrigatório
model_name[marketplace_id=A2Q3Y263D00KWC][language_tag=pt_BR]#1.value,Nome do modelo,"Especifique o nome do modelo do produto conforme definido por fabricante ou marca, exceto tipo, estrutura, marca ou tamanho",MacBook Pro,Condicionalmente obrigatório
manufacturer[marketplace_id=A2Q3Y263D00KWC][language_tag=pt_BR]#1.value,Fabricante,Especifique o fabricante do produto,"Nike, Procter & Gamble",Opcional
amzn1.volt.ca.product_id_type,Tipo de ID do produto,"Selecione o tipo de ID externo (código de barras) ou ASIN que está sendo usado para identificar esse produto. Se o produto estiver isento de ID externa, selecione Isento de GTIN.",UPC,Obrigatório
amzn1.volt.ca.product_id_value,ID do produto,Informe o valor de ID do produto correspondente com base no tipo que foi selecionado,714532191586,Condicionalmente obrigatório
collar_style[marketplace_id=A2Q3Y263D00KWC][language_tag=pt_BR]#1.value,Estilo de gola,"Forneça o estilo de gola usado pelo artigo. O estilo do colarinho é determinado pela forma geral, design e forma do colarinho de um artigo.","Abotoado, francês, curto",Recomendado
skip_offer[marketplace_id=A2Q3Y263D00KWC]#1.value,Ignorar oferta,Indique se a oferta deve ser ignorada e se uma oferta comprável não deve ser criada. Um valor de “Sim” significa que nenhuma oferta será criada.,Sim,Opcional
condition_type[marketplace_id=A2Q3Y263D00KWC]#1.value,Condição do Produto,Forneça o tipo de condição real do produto,Novo,Condicionalmente obrigatório
condition_note[marketplace_id=A2Q3Y263D00KWC][language_tag=pt_BR]#1.value,Nota de condição da oferta,Forneça um texto descritivo explicando a condição real do produto,Pequeno amassado no painel lateral esquerdo.,Opcional
list_price[marketplace_id=A2Q3Y263D00KWC]#1.value_with_tax,Preço sugerido com impostos,"Informe o preço de catálogo para o produto, incluindo impostos. O Preço de Catálogo é o preço de varejo sugerido de um produto, conforme informado por um fabricante, fornecedor ou vendedor. Este não é o preço de oferta ou custo. Caso não o possua, digite 0.",69,Condicionalmente obrigatório
merchant_release_date[marketplace_id=A2Q3Y263D00KWC]#1.value,Data de lançamento do lojista,Forneça a data de lançamento do lojista usando o formato AAAA-MM-DD,2017-07-20,Opcional
merchant_shipping_group[marketplace_id=A2Q3Y263D00KWC]#1.value,Grupo de envio de mercadorias,O grupo de configuração de envio de uma oferta. O grupo de configuração de envio é criado e gerenciado pelo vendedor por meio da interface do usuário de configuração de envio.,"Produtos volumosos pesados, entrega de dispositivo de NCR grande",Condicionalmente obrigatório
max_order_quantity[marketplace_id=A2Q3Y263D00KWC]#1.value,Quantidade máxima de pedido,Forneça o valor da quantidade máxima de pedido,3,Opcional
gift_options[marketplace_id=A2Q3Y263D00KWC]#1.can_be_messaged,A oferta pode ser enviada como presente por mensagem,"Se você puder imprimir uma mensagem de presente com o item, indique isso aqui.  Se deixado em branco, o padrão é ""falso""",VERDADEIRO,Opcional
gift_options[marketplace_id=A2Q3Y263D00KWC]#1.can_be_wrapped,A embalagem do presente está disponível,"Se você puder embrulhar um item, indique isso aqui.  Se deixado em branco, o padrão é ""falso""",VERDADEIRO,Opcional
main_offer_image_locator[marketplace_id=A2Q3Y263D00KWC]#1.media_location,Local da imagem principal,O URL em que a imagem principal da oferta específica do produto está localizada.,http://www.companyname.com/images/1250.offer.jpg,Opcional
other_offer_image_locator_1[marketplace_id=A2Q3Y263D00KWC]#1.media_location,Outra localização de imagem,O URL para imagens adicionais do seu produto. Essas imagens serão exibidas na página de detalhes quando o cliente clicar para ver outras visualizações associadas ao produto.,http://www.companyname.com/images/1250.other1.jpg,Opcional
other_offer_image_locator_2[marketplace_id=A2Q3Y263D00KWC]#1.media_location,Outra localização de imagem,O URL para imagens adicionais do seu produto. Essas imagens serão exibidas na página de detalhes quando o cliente clicar para ver outras visualizações associadas ao produto.,http://www.companyname.com/images/1250.other1.jpg,Opcional
other_offer_image_locator_3[marketplace_id=A2Q3Y263D00KWC]#1.media_location,Outra localização de imagem,O URL para imagens adicionais do seu produto. Essas imagens serão exibidas na página de detalhes quando o cliente clicar para ver outras visualizações associadas ao produto.,http://www.companyname.com/images/1250.other1.jpg,Opcional
other_offer_image_locator_4[marketplace_id=A2Q3Y263D00KWC]#1.media_location,Outra localização de imagem,O URL para imagens adicionais do seu produto. Essas imagens serão exibidas na página de detalhes quando o cliente clicar para ver outras visualizações associadas ao produto.,http://www.companyname.com/images/1250.other1.jpg,Opcional
other_offer_image_locator_5[marketplace_id=A2Q3Y263D00KWC]#1.media_location,Outra localização de imagem,O URL para imagens adicionais do seu produto. Essas imagens serão exibidas na página de detalhes quando o cliente clicar para ver outras visualizações associadas ao produto.,http://www.companyname.com/images/1250.other1.jpg,Opcional
ncm_code[marketplace_id=A2Q3Y263D00KWC]#1.value,Código NCM,Inserir informação válida de acordo com a tabela de NCM Vigente. O código precisa ter 8 dígitos e ser válido.,84717012,Opcional
ncm_code[marketplace_id=A2Q3Y263D00KWC]#1.ex_tipi,Código EX da TIPI,"Preencha de acordo com o código EX da TIPI. Se não for aplicável para o produto, deixe em branco.","01, 02",Opcional
import_designation[marketplace_id=A2Q3Y263D00KWC][language_tag=pt_BR]#1.value,Origem da mercadoria,Selecione um valor válido da lista suspensa,1,Opcional
contributor_supply_chain_role[marketplace_id=A2Q3Y263D00KWC]#1.value,Atividade da empresa para esse produto,"Especifique se é fabricante, distribuidor ou importador do item",Distribuidor,Opcional
tax_treatment[marketplace_id=A2Q3Y263D00KWC]#1.type,Tipo de Código de Situação Tributária,Indique o tipo de Código de Situação Tributária do item a ser  vendido (ICMS). Selecione uma opção da lista de valores válidos.,ICMS,Opcional
tax_treatment[marketplace_id=A2Q3Y263D00KWC]#1.value,Código de Situação da Operação do Simples Nacional (CSOSN),Indique o Código de Situação Tributária do item a ser vendido (ICMS). Selecione uma opção da lista de valores válidos.,102 -  Tributada pelo Simples Nacional sem permissão de crédito,Opcional
tax_legal_proceeding[marketplace_id=A2Q3Y263D00KWC]#1.identification,Identificador do Processo ou ato Concessório,Identificar qualquer processo ou ato concessório que seja relevante para as operações e/ou tributação do produto.,12345678ABCD,Opcional
tax_legal_proceeding[marketplace_id=A2Q3Y263D00KWC]#1.source,Indicador da Origem do Processo,Identificar qualquer processo ou ato concessório que seja relevante para as operações e/ou tributação do produto. Selecione uma opção da lista de valores válidos.,SEFAZ,Opcional
tax_classification_code[marketplace_id=A2Q3Y263D00KWC]#1.type,Tipo de Classificação Fiscal,Forneça o tipo de código de substituição tributária apropriado,CEST,Opcional
tax_classification_code[marketplace_id=A2Q3Y263D00KWC]#1.value,Código Especificador da Substituição Tributária (CEST),"Código Especificador da Substituição Tributária – CEST, que estabelece a sistemática de uniformização e identificação das mercadorias e bens passíveis de sujeição aos regimes de substituição tributária e de antecipação de recolhimento do ICMS. O código CEST informado deve ser compatível com o código NCM do produto.",1234567,Opcional
invoice_legal_citation[marketplace_id=A2Q3Y263D00KWC][language_tag=pt_BR]#1.value,Bases Legais e Observações,Inserir informações adicionais de interesse do Fisco.,Código tributário 602.1614,Opcional
fulfillment_availability#1.fulfillment_channel_code,Código do canal de processamento (BR),"Para os comerciantes que usam serviços de atendimento da Amazon, isto designa qual a rede de atendimento que será usada. A especificação de um valor diferente do PADRÃO cancelará a oferta processada pelo comerciante. Os produtos processados pelo comerciante devem deixar este campo em branco.",AMAZON_NA,Condicionalmente obrigatório
fulfillment_availability#1.quantity,Quantidade (BR),Insira a quantidade do item que você está disponibilizando para venda. Esta é a ordem de compra e venda atual de inventário (como um número inteiro),152,Condicionalmente obrigatório
fulfillment_availability#1.lead_time_to_ship_max_days,Tempo de processamento (BR),"Forneça o tempo, em dias, entre quando recebe uma encomenda de um artigo e quando pode enviar o artigo",5,Recomendado
fulfillment_availability#1.restock_date,Data de re-estoque (BR),Data em que o produto será reabastecido,2020-05-05,Recomendado
fulfillment_availability#1.is_inventory_available,Inventário sempre disponível (BR),O inventário sempre disponível é uma alternativa à quantidade que permite que o inventário nunca se esgote. Ativar ou desativar irá ativar ou desativar esta funcionalidade. Observe que uma quantidade não pode ser especificada quando fornecida.,Desativado,Condicionalmente obrigatório
purchasable_offer[marketplace_id=A2Q3Y263D00KWC][audience=ALL]#1.our_price#1.schedule#1.value_with_tax,"Preço padrão BRL (Vender na Amazon, BR)",Indique o preço base do item pelo qual ele está sendo oferecido ao segmento de clientes pretendido (Vender na Amazon),249.99,Recomendado
purchasable_offer[marketplace_id=A2Q3Y263D00KWC][audience=ALL]#1.automated_pricing_merchandising_rule_plan#1.merchandising_rule.rule_id,"Regra de precificação (Vender na Amazon, BR)",A regra de precificação que automatizará o preço desta oferta (Vender na Amazon),Regra do preço competitivo pela Amazon,Recomendado
purchasable_offer[marketplace_id=A2Q3Y263D00KWC][audience=ALL]#1.minimum_seller_allowed_price#1.schedule#1.value_with_tax,"Preço mínimo permitido pelo vendedor (Vender na Amazon, BR)",Forneça o preço mínimo permitido pelo vendedor (Vender na Amazon),259.99,Recomendado
purchasable_offer[marketplace_id=A2Q3Y263D00KWC][audience=ALL]#1.maximum_seller_allowed_price#1.schedule#1.value_with_tax,"Preço máximo permitido pelo vendedor (Vender na Amazon, BR)",Forneça o preço máximo permitido pelo vendedor (Vender na Amazon),259.99,Recomendado
purchasable_offer[marketplace_id=A2Q3Y263D00KWC][audience=ALL]#1.discounted_price#1.schedule#1.end_at,"Data de término da venda (Vender na Amazon, BR)",A última data em que o preço de venda substituirá o preço padrão do item. O preço padrão do produto será exibido após 00:00 da data de término da venda. (Vender na Amazon),2017-07-01,Recomendado
purchasable_offer[marketplace_id=A2Q3Y263D00KWC][audience=ALL]#1.discounted_price#1.schedule#1.start_at,"Data inicial de venda (Vender na Amazon, BR)",A data em que o preço de venda começará a substituir o preço padrão do produto. O preço de venda será exibido após 00:00 de venda a partir da data. (Vender na Amazon),2017-06-30,Recomendado
purchasable_offer[marketplace_id=A2Q3Y263D00KWC][audience=ALL]#1.discounted_price#1.schedule#1.value_with_tax,"Preço de venda BRL (Vender na Amazon, BR)",O preço pelo qual você oferece o produto para venda. (Vender na Amazon),219.99,Recomendado
purchasable_offer[marketplace_id=A2Q3Y263D00KWC][audience=ALL]#1.start_at.value,"Data de lançamento da oferta (Vender na Amazon, BR)",Data de início do preço (Vender na Amazon),2017-06-30,Recomendado
purchasable_offer[marketplace_id=A2Q3Y263D00KWC][audience=ALL]#1.end_at.value,"Fim da data de venda (Vender na Amazon, BR)",Data final do preço (Vender na Amazon),2017-07-01,Recomendado
product_description[marketplace_id=A2Q3Y263D00KWC][language_tag=pt_BR]#1.value,Descrição do Produto,"Forneça um texto descrevendo o produto. Esta informação será exibida em forma de parágrafo na página do seu produto. Inclua as características do produto, os detalhes da linha do produto e as especificações. Não use apenas letras maiúsculas.","Esta linda peça de decoração de parede é pintada à mão sobre uma tela de alta qualidade e está pronta para pendurar. Retratando uma cena natural inspiradora em tons relaxantes de azul e verde, esta tela para pendurar na parede proporcionará uma sensação de tranquilidade e adornará qualquer espaço da sua casa ou do seu escritório. Produzida à mão por artistas locais usando materiais sustentáveis de alta qualidade. Cada peça é única e produzida sob encomenda. Apoia pequenas empresas e a comunidade artística local. É um lindo presente para qualquer ocasião especial.",Obrigatório
bullet_point[marketplace_id=A2Q3Y263D00KWC][language_tag=pt_BR]#1.value,Tópico,"Breve texto descritivo, através de uma lista de pontos, relativo a um aspecto específico do produto. São exibidos logo abaixo ou ao lado da foto do produto. É útil colocar informações interessantes e importantes nesses campos. NÃO use apenas letras maiúsculas ou abreviações. NÃO coloque informação sobre a fábrica, instruções de manutenção ou país, pois esses são preenchidos de forma diferente.",Desenho floral com formatos de flores,Obrigatório
generic_keyword[marketplace_id=A2Q3Y263D00KWC][language_tag=pt_BR]#1.value,Palavras-chave de Pesquisa,"Forneça quaisquer termos que possam ser relevantes para as pesquisas dos clientes. Sem repetição, sem nomes de marca de concorrentes ou ASINs.",Calçados para esportes aquáticos; Derek Rose; Elétrico; Wi-Fi; Banana,Opcional
lifestyle[marketplace_id=A2Q3Y263D00KWC][language_tag=pt_BR]#1.value,Estilo de vida,Informe o código de vestimenta para o qual o produto foi projetado. O código de vestimenta representa níveis de formalidade.,Atlético,Opcional
style[marketplace_id=A2Q3Y263D00KWC][language_tag=pt_BR]#1.value,Estilo,Forneça o estilo do artigo. Estilo refere-se às escolhas estéticas de uma pessoa ou um grupo de pessoas. Ele descreve a representação visual distintiva de um artigo,Art Deco,Condicionalmente obrigatório
department[marketplace_id=A2Q3Y263D00KWC][language_tag=pt_BR]#1.value,Nome do departamento,Forneça um departamento apropriado para o item,Mulheres,Condicionalmente obrigatório
target_gender[marketplace_id=A2Q3Y263D00KWC]#1.value,Gênero do público-alvo,Informe o gênero do público-alvo do produto,"Masculino, Feminino, Unissex",Condicionalmente obrigatório
age_range_description[marketplace_id=A2Q3Y263D00KWC][language_tag=pt_BR]#1.value,Descrição da faixa etária,Especifique uma descrição de faixa etária apropriada para o item,"Adulto, Criança",Condicionalmente obrigatório
apparel_size[marketplace_id=A2Q3Y263D00KWC]#1.size_system,Sistema de tamanho de vestuário,Forneça o sistema de tamanho de vestuário.,"Sistema de tamanhos CAN, MEX, EUA",Condicionalmente obrigatório
apparel_size[marketplace_id=A2Q3Y263D00KWC]#1.size_class,Classe de Tamanho do Vestuário,Forneça a classe de tamanho do vestuário.,Alfa,Condicionalmente obrigatório
apparel_size[marketplace_id=A2Q3Y263D00KWC]#1.size,Valor do tamanho do vestuário,Forneça o valor do tamanho associado ao sistema e à classe de tamanho.,"9, Médio, 9 meses",Condicionalmente obrigatório
apparel_size[marketplace_id=A2Q3Y263D00KWC]#1.size_to,Faixa do Tamanho – valor final,Forneça o tamanho ao valor associado com o sistema e à classe de tamanho. O valor deve ser maior do que o valor do tamanho.,"9,5, Grande, 12 meses",Condicionalmente obrigatório
apparel_size[marketplace_id=A2Q3Y263D00KWC]#1.body_type,Tipo de Corpo,"Forneça o tipo de corpo para o item de vestuário. Nenhum tipo de tamanho especial, escolha ""Regular”.",Magro,Condicionalmente obrigatório
apparel_size[marketplace_id=A2Q3Y263D00KWC]#1.height_type,Tipo da Altura,"Forneça a altura para o item de vestuário. Nenhum tipo de caractere especial, escolha ""Regular"".",Normal,Condicionalmente obrigatório
material[marketplace_id=A2Q3Y263D00KWC][language_tag=pt_BR]#1.value,Material,Especifique a matéria-prima usada para fabricar o item,Plástico,Condicionalmente obrigatório
fabric_type[marketplace_id=A2Q3Y263D00KWC][language_tag=pt_BR]#1.value,Tipo de tecido,"Liste todos os tecidos separados por “,”. Indique a porcentagem de composição. Sempre inclua “Viscose” ou “Rayon”, em vez de “Bambu” e “Azlon” para Soja","60% Algodão, 40% Poliéster",Obrigatório
pattern_type[marketplace_id=A2Q3Y263D00KWC][language_tag=pt_BR]#1.value,Padrão,Forneça uma descrição da estampa do item,Xadrez,Recomendado
number_of_items[marketplace_id=A2Q3Y263D00KWC]#1.value,Quantidade de itens,Forneça o número total de itens idênticos na unidade de venda destinados ao consumidor,5,Condicionalmente obrigatório
item_package_quantity[marketplace_id=A2Q3Y263D00KWC]#1.value,Quantidade de pacotes do item,Forneça o número de pacotes vendidos como parte de um único item Um ASIN que vende 5 caixas de clipes de papel com 100 clipes de papel em cada caixa teria uma quantidade de pacotes do item = '5',1,Condicionalmente obrigatório
subject_character[marketplace_id=A2Q3Y263D00KWC][language_tag=pt_BR]#1.value,Assunto,Forneça o caráter principal do item,Batman,Recomendado
special_size_type[marketplace_id=A2Q3Y263D00KWC][language_tag=pt_BR]#1.value,Tamanho especial,Especifique o tipo de tamanho especial do item,"Padrão, Plus size",Condicionalmente obrigatório
color[marketplace_id=A2Q3Y263D00KWC][language_tag=pt_BR]#1.standardized_values#1,Mapa de cores,Selecione a cor principal do produto.,Vermelho,Condicionalmente obrigatório
color[marketplace_id=A2Q3Y263D00KWC][language_tag=pt_BR]#1.value,Cor,Forneça a cor do produto,Caramelo,Condicionalmente obrigatório
item_length_description[marketplace_id=A2Q3Y263D00KWC][language_tag=pt_BR]#1.value,Descrição do comprimento do item,Forneça uma descrição textual do comprimento do artigo. O comprimento normalmente refere-se à dimensão mais longa ou vertical de um item.,"Mini, Altura do Joelho",Recomendado
metal_type[marketplace_id=A2Q3Y263D00KWC][language_tag=pt_BR]#1.value,Tipo de metal,Forneça o tipo de metal do item.,"Bronze, Cobre platinado",Condicionalmente obrigatório
gem_type[marketplace_id=A2Q3Y263D00KWC][language_tag=pt_BR]#1.value,Tipo de pedra preciosa,Insira o tipo de pedra preciosa associada ao seu produto,Ágata azul,Condicionalmente obrigatório
occasion_type[marketplace_id=A2Q3Y263D00KWC][language_tag=pt_BR]#1.value,Ocasião,Informe a ocasião para a qual o produto foi projetado. Os Tipos De Ocasião Incluem Épocas Festivas E Eventos Importantes Da Vida.,"Aniversário, comemoração, casamento",Recomendado
part_number[marketplace_id=A2Q3Y263D00KWC]#1.value,Número da peça,"Forneça o número da peça. Para muitos produtos, este número será idêntico ao número do modelo; no entanto, alguns fabricantes diferenciam o número da peça do número do modelo",RIV001,Condicionalmente obrigatório
item_shape[marketplace_id=A2Q3Y263D00KWC][language_tag=pt_BR]#1.value,Formato do item,Especifique o formato do item,Redondo,Condicionalmente obrigatório
theme[marketplace_id=A2Q3Y263D00KWC][language_tag=pt_BR]#1.value,Tema,"Informe o assunto, conceito, tópico, tema ou ideia principal de alto nível de um item.",Animais,Recomendado
ring[marketplace_id=A2Q3Y263D00KWC]#1.size[language_tag=pt_BR]#1.value,Tamanho do anel,Forneça o tamanho do anel,"4,25; 7,5; 8,75",Condicionalmente obrigatório
fit_type[marketplace_id=A2Q3Y263D00KWC][language_tag=pt_BR]#1.value,Tipo de ajuste,Especifique o tipo de ajuste do item,Confortável,Condicionalmente obrigatório
pocket_description[marketplace_id=A2Q3Y263D00KWC][language_tag=pt_BR]#1.value,Descrição do bolso,Fornecer a descrição do bolso,5 bolsos básicos,Recomendado
care_instructions[marketplace_id=A2Q3Y263D00KWC][language_tag=pt_BR]#1.value,Instruções de Cuidado,Forneça instruções relacionadas aos cuidados com o item,"Lavar à mão, Lavar à máquina",Condicionalmente obrigatório
magnification_strength[marketplace_id=A2Q3Y263D00KWC]#1.value,Capacidade de ampliação,Forneça a capacidade de ampliação do item,"1, 1.5, 2",Condicionalmente obrigatório
magnification_strength[marketplace_id=A2Q3Y263D00KWC]#1.unit,Unidade de capacidade de ampliação,Selecione a unidade correspondente,diopters,Condicionalmente obrigatório
shaft[marketplace_id=A2Q3Y263D00KWC]#1.material[language_tag=pt_BR]#1.value,Material da vara,Forneça o material adequado da vara,"Grafite, Aço",Condicionalmente obrigatório
edition[marketplace_id=A2Q3Y263D00KWC][language_tag=pt_BR]#1.value,Edição,Forneça a versão ou a edição do item,"Edição do professor, versão integral",Condicionalmente obrigatório
configuration[marketplace_id=A2Q3Y263D00KWC][language_tag=pt_BR]#1.value,Configuração,Indique a configuração do item,Configuração AWD,Condicionalmente obrigatório
platform_for_display[marketplace_id=A2Q3Y263D00KWC][language_tag=pt_BR]#1.value,Plataforma de exibição,Forneça a plataforma associada ao produto.,"Android, Mac, PC",Condicionalmente obrigatório
wireless_provider[marketplace_id=A2Q3Y263D00KWC]#1.value,Provedor de serviços sem fio,Especifique o provedor de serviços sem fio exigido ou suportado pelo item,"AT&T, Sprint, Verizon Wireless",Condicionalmente obrigatório
lens[marketplace_id=A2Q3Y263D00KWC]#1.color[language_tag=pt_BR]#1.value,Cor das lentes,Forneça a cor da lente,"Marrom, azul-celeste/cinza, azul, esmeralda",Condicionalmente obrigatório
lens[marketplace_id=A2Q3Y263D00KWC]#1.width[language_tag=pt_BR]#1.value,Largura da lente,Forneça a largura da lente,29,Condicionalmente obrigatório
lens[marketplace_id=A2Q3Y263D00KWC]#1.width[language_tag=pt_BR]#1.unit,Unidade de largura da lente,Selecione a unidade correspondente,milímetros,Opcional
item_display_dimensions[marketplace_id=A2Q3Y263D00KWC]#1.depth.value,Profundidade da tela do item,Forneça o componente numérico da profundidade física do produto sem embalagem e montado,"2.75, 3.00",Condicionalmente obrigatório
item_display_dimensions[marketplace_id=A2Q3Y263D00KWC]#1.depth.unit,Unidade de profundidade da tela do item,Selecione a unidade correspondente,"Centímetros, Milímetros",Condicionalmente obrigatório
item_display_dimensions[marketplace_id=A2Q3Y263D00KWC]#1.diameter.value,Diâmetro da tela do item,Forneça o componente numérico do diâmetro do produto sem embalagem ou montado,"2.75, 3.00",Condicionalmente obrigatório
item_display_dimensions[marketplace_id=A2Q3Y263D00KWC]#1.diameter.unit,Unidade de diâmetro da tela do item,Selecione a unidade correspondente,"Centímetros, Milímetros",Condicionalmente obrigatório
item_display_dimensions[marketplace_id=A2Q3Y263D00KWC]#1.height.value,Altura da tela do item,Forneça o componente numérico da altura do produto sem embalagem e totalmente montado,1.8,Condicionalmente obrigatório
item_display_dimensions[marketplace_id=A2Q3Y263D00KWC]#1.height.unit,Unidade de altura da tela do item,Selecione a unidade correspondente,"Centímetros, Milímetros",Condicionalmente obrigatório
item_display_dimensions[marketplace_id=A2Q3Y263D00KWC]#1.length.value,Comprimento da tela do item,Forneça o componente numérico do comprimento do produto sem embalagem e totalmente montado,5.7,Condicionalmente obrigatório
item_display_dimensions[marketplace_id=A2Q3Y263D00KWC]#1.length.unit,Unidade de comprimento da tela do item,Selecione a unidade correspondente,"Centímetros, Milímetros",Condicionalmente obrigatório
item_display_dimensions[marketplace_id=A2Q3Y263D00KWC]#1.width.value,Largura da tela do item,Forneça o componente numérico da largura do produto sem embalagem e totalmente montado,3.5,Condicionalmente obrigatório
item_display_dimensions[marketplace_id=A2Q3Y263D00KWC]#1.width.unit,Unidade de largura da tela do item,Selecione a unidade correspondente,"Centímetros, Milímetros",Condicionalmente obrigatório
service_provider[marketplace_id=A2Q3Y263D00KWC][language_tag=pt_BR]#1.value,Provedor de serviços,Indica o provedor de serviços exigido ou suportado pelo item,"AT&T, Sprint, Verizon Wireless",Condicionalmente obrigatório
flavor[marketplace_id=A2Q3Y263D00KWC][language_tag=pt_BR]#1.value,Sabor,Especifique o sabor do produto,"Extra Chocolate, Cereja, Chocolate, Baunilha",Condicionalmente obrigatório
wattage[marketplace_id=A2Q3Y263D00KWC]#1.value,Potência,Forneça a taxa de potência como um valor numérico,50,Condicionalmente obrigatório
wattage[marketplace_id=A2Q3Y263D00KWC]#1.unit,Unidade de potência,"Selecione a unidade de medida para a Potência. Se um valor for fornecido para Potência, você também deverá inserir a unidade correspondente.",Watts,Opcional
memory_storage_capacity[marketplace_id=A2Q3Y263D00KWC]#1.value,Capacidade de armazenamento da memória,Forneça a capacidade de armazenamento da memória do item como um valor numérico,"1, 15, 1000",Condicionalmente obrigatório
memory_storage_capacity[marketplace_id=A2Q3Y263D00KWC]#1.unit,Unidade de capacidade de armazenamento da memória,Selecione a unidade correspondente,"MB, KB, GB",Condicionalmente obrigatório
customer_package_type[marketplace_id=A2Q3Y263D00KWC][language_tag=pt_BR]#1.value,Tipo de embalagem,Forneça o tipo de pacote de produtos,"Embalagem padrão, Amazon Livre de Frustrações",Condicionalmente obrigatório
pattern[marketplace_id=A2Q3Y263D00KWC][language_tag=pt_BR]#1.value,Estampa,Informe o design decorativo repetido mais proeminente do item,"Floral, geométrico, de bolinhas",Condicionalmente obrigatório
unit_count[marketplace_id=A2Q3Y263D00KWC]#1.type[language_tag=pt_BR].value,Tipo de contagem de unidades,Especifique o tipo de unidade que um cliente pode usar para tomar uma decisão de compra. Uma garrafa de refrigerante pode vir em vários tamanhos e é medida em onças de fluido; uma caixa de parafusos é medida pela contagem de parafusos na caixa.,Cada,Condicionalmente obrigatório
unit_count[marketplace_id=A2Q3Y263D00KWC]#1.value,Contagem de unidades,Especifique a quantidade de unidades que o produto possui. Isso pode ser usado para calcular o Preço por unidade do produto.,5,Condicionalmente obrigatório
product_site_launch_date[marketplace_id=A2Q3Y263D00KWC]#1.value,Data de lançamento do produto no site,Forneça a data em que o produto será lançado. Ela deve ser exibida primeiro no site da Amazon (formato AAAA-MM-DD). A PSLD não influencia na capacidade de compra ou na lógica de pré-venda; ela é usada para indicar quando um produto estará visível e poderá ser pesquisado no site da Amazon,2017-07-20,Opcional
golf_club_flex[marketplace_id=A2Q3Y263D00KWC][language_tag=pt_BR]#1.value,Flexibilidade do taco de golfe,Forneça o tipo de flexibilidade do taco de golfe,"Normal, Dura",Condicionalmente obrigatório
golf_club_loft[marketplace_id=A2Q3Y263D00KWC]#1.value,Ângulo de batimento do taco de golfe,Insira o ângulo do batimento como um valor entre 0 a 90,"8.5, 9.5",Condicionalmente obrigatório
golf_club_loft[marketplace_id=A2Q3Y263D00KWC]#1.unit,Unidade do ângulo de batimento do taco de golfe,Selecione a unidade correspondente,Graus,Condicionalmente obrigatório
league_name[marketplace_id=A2Q3Y263D00KWC][language_tag=pt_BR]#1.value,Nome da liga,Forneça o nome da liga associada ao produto.,NBA,Recomendado
team_name[marketplace_id=A2Q3Y263D00KWC][language_tag=pt_BR]#1.value,Nome do time,Insira o nome do tipo do produto,"Seattle Seahawks, Wisconsin Badgers",Condicionalmente obrigatório
athlete[marketplace_id=A2Q3Y263D00KWC][language_tag=pt_BR]#1.value,Atleta,Nome do atleta participando no evento,"Michael Jordan, Larry Bird",Condicionalmente obrigatório
scent[marketplace_id=A2Q3Y263D00KWC][language_tag=pt_BR]#1.value,Aroma,Forneça uma descrição do aroma do item,"Lavanda, Almíscar",Condicionalmente obrigatório
hand_orientation[marketplace_id=A2Q3Y263D00KWC][language_tag=pt_BR]#1.value,Orientação de uso,"Forneça o tipo de orientação de uso do item; canhoto, destro ou ambidestro","Canhoto, Destro",Condicionalmente obrigatório
band[marketplace_id=A2Q3Y263D00KWC]#1.color[language_tag=pt_BR]#1.value,Cor da pulseira,Descreve a cor da pulseira.,Preto,Condicionalmente obrigatório
cup[marketplace_id=A2Q3Y263D00KWC]#1.size[language_tag=pt_BR]#1.value,Tamanho do copo,Forneça o tamanho do copo para o qual o produto foi projetado,"A, B, DD",Condicionalmente obrigatório
embellishment_feature[marketplace_id=A2Q3Y263D00KWC][language_tag=pt_BR]#1.value,Recurso de enfeite,Descreva qualquer decoração ou acabamento apresentado pelo item,Renda,Recomendado
grip[marketplace_id=A2Q3Y263D00KWC]#1.size[language_tag=pt_BR]#1.value,Tamanho do cabo,Insira o tamanho do cabo,"Pequeno, 4-1/8 polegadas",Condicionalmente obrigatório
ink[marketplace_id=A2Q3Y263D00KWC]#1.color[language_tag=pt_BR]#1.value,Cor da tinta,Especifique a cor da tinta,"Azul, vermelho, preto",Condicionalmente obrigatório
length_range[marketplace_id=A2Q3Y263D00KWC][language_tag=pt_BR]#1.value,Gama de comprimento,Gama de comprimento para persianas,"24-60"" long",Condicionalmente obrigatório
neck[marketplace_id=A2Q3Y263D00KWC]#1.neck_style[language_tag=pt_BR]#1.value,Estilo da gola,Forneça ao pescoço o estilo do produto,Gola rente ao pescoço,Recomendado
version_for_country[marketplace_id=A2Q3Y263D00KWC]#1.value,Versão para o país,Forneça a lista de países em que o fabricante pretende vender o produto,"Alemanha, Japão, Índia",Condicionalmente obrigatório
width_range[marketplace_id=A2Q3Y263D00KWC][language_tag=pt_BR]#1.value,Gama de larguras,Gama de largura para persianas,"24-60"" wide",Condicionalmente obrigatório
seasons[marketplace_id=A2Q3Y263D00KWC][language_tag=pt_BR]#1.value,Estações,Especifique as estações mais apropriadas para o item,"Inverno, Outono",Recomendado
sleeve[marketplace_id=A2Q3Y263D00KWC]#1.type[language_tag=pt_BR]#1.value,Tipo de manga,Forneça o tipo de manga do item,"Manga curta, Sem mangas",Recomendado
closure[marketplace_id=A2Q3Y263D00KWC]#1.type[language_tag=pt_BR]#1.value,Tipo de fechamento,Informe o tipo de fechamento do produto,Ajustável,Condicionalmente obrigatório
sweater_form[marketplace_id=A2Q3Y263D00KWC]#1.value,Forma da camisola,Forneça a forma da camisola. A forma classifica as camisas com base nas caraterísticas e formas comuns.,Cardigã,Recomendado
garment_closure_length_description[marketplace_id=A2Q3Y263D00KWC]#1.value,Descrição do comprimento do fecho da peça de vestuário,Forneça o valor que descreve o comprimento do fecho em comparação com o comprimento total da peça de vestuário.,Comprimento total,Recomendado
hemline_form[marketplace_id=A2Q3Y263D00KWC]#1.value,Forma da bainha,Forneça a forma da bainha da peça de vestuário.  A bainha é a linha na borda inferior de uma peça de vestuário.,Bainha enviesada,Recomendado
special_feature[marketplace_id=A2Q3Y263D00KWC][language_tag=pt_BR]#1.value,Características especiais,Descreva informações sobre características especiais altamente específicas,Com cinto,Recomendado
lining_description[marketplace_id=A2Q3Y263D00KWC][language_tag=pt_BR]#1.value,Descrição do forro,Forneça uma descrição do forro.,"Malha, Lã",Recomendado
water_resistance_level[marketplace_id=A2Q3Y263D00KWC]#1.value,Nível de resistência à água,Informe o grau de resistência do produto à água,"À prova d'água, Não resistente à água",Recomendado
sport_type[marketplace_id=A2Q3Y263D00KWC][language_tag=pt_BR]#1.value,Tipo de esporte,Forneça qualquer esporte específica para o qual o item foi projetado,Snowboarding,Recomendado
chest[marketplace_id=A2Q3Y263D00KWC]#1.size#1.unit,Unidade de tamanho da caixa,Digite a unidade de tamanho da caixa,"polegadas, metros, centímetros",Recomendado
chest[marketplace_id=A2Q3Y263D00KWC]#1.size#1.value,Tamanho da caixa,Digite o tamanho total da caixa do item,"5,5, 0,75, 28,6",Recomendado
grip[marketplace_id=A2Q3Y263D00KWC]#1.type[language_tag=pt_BR]#1.value,Tipo de cabo,Forneça o tipo de cabo do produto,"Insolado, Não isolado",Condicionalmente obrigatório
number_of_pockets[marketplace_id=A2Q3Y263D00KWC]#1.value,Número de bolsos,Forneça o número de bolsos,2,Recomendado
coat_silhouette_type[marketplace_id=A2Q3Y263D00KWC]#1.value,Tipo de silhueta de casaco,Fornecer o tipo de silhueta do casaco. A silhueta define a forma comum e a cobertura do corpo do casaco.,"Anoraque, blusão poncho",Recomendado
fabric_distressing[marketplace_id=A2Q3Y263D00KWC]#1.value,Desgaste do Tecido,"Informe o método de desgaste do tecido, processos usados, como lavagens, arranhões e vincos, que imitam o desgaste.",Lavado à Pedra,Recomendado
parentage_level[marketplace_id=A2Q3Y263D00KWC]#1.value,Nível de hierarquia,Especifique se um SKU é principal ou secundário,Principal,Opcional
child_parent_sku_relationship[marketplace_id=A2Q3Y263D00KWC]#1.child_relationship_type,Tipo de relação com o secundário,O relacionamento que o secundário tem com o principal,acessório,Condicionalmente obrigatório
child_parent_sku_relationship[marketplace_id=A2Q3Y263D00KWC]#1.parent_sku,SKU do produto pai,O SKU do item principal,ABC123,Condicionalmente obrigatório
variation_theme#1.name,Nome do tema de variação,Especifique o tema de variação que o produto utilizará. Os atributos do tema devem ser preenchidos para todos os itens no grupo.,NOME_DO_TAMANHO/NOME_DA_COR,Condicionalmente obrigatório
country_of_origin[marketplace_id=A2Q3Y263D00KWC]#1.value,País de origem,Selecione o país de origem do produto,"China, Japão, Estados Unidos",Obrigatório
supplier_declared_dg_hz_regulation[marketplace_id=A2Q3Y263D00KWC]#1.value,Regulamentações de produtos perigosos,"Se o produto for um Material, Substância, Resíduo perigoso sujeito à regulamentação para transporte, armazenamento, descarte, selecione uma opção","GHS, Transporte, Armazenamento",Obrigatório
ghs[marketplace_id=A2Q3Y263D00KWC]#1.classification#1.class,Classe de GHS,Selecione a Classe GHS do produto a partir da lista de valores válidos se o GHS for selecionado como o Regulamento de Mercadorias Perigosas. Classe GHS indica a declaração de aviso atribuída pelo sistema de classificação GHS.,Explosivo,Condicionalmente obrigatório
hazmat[marketplace_id=A2Q3Y263D00KWC]#1.aspect,Aspecto de materiais perigosos,Selecione o aspeto ou órgão regulador usado para as informações do produto perigoso,ID regulamentar UN,Condicionalmente obrigatório
hazmat[marketplace_id=A2Q3Y263D00KWC]#1.value,Materiais perigosos,Forneça informações sobre materiais perigosos relevantes para o produto com base no aspecto selecionado,UN1993,Condicionalmente obrigatório
safety_data_sheet_url[marketplace_id=A2Q3Y263D00KWC][language_tag=pt_BR]#1.value,URL da folha de dados de segurança (SDS ou MSDS),Forneça o URL do SDS/MSDS se algum valor diferente de Não Aplicável ou Desconhecido for selecionado na coluna Regulamento de Mercadorias Perigosas,www.safetysheetsRus.com/hazardous_substance/msds.pdf,Condicionalmente obrigatório
item_weight[marketplace_id=A2Q3Y263D00KWC]#1.value,Peso do item,Forneça o valor numérico do peso do item (sem incluir a embalagem),"30, 1.5",Condicionalmente obrigatório
item_weight[marketplace_id=A2Q3Y263D00KWC]#1.unit,Unidade de peso do item,Selecione a unidade correspondente,"Libras, gramas.",Condicionalmente obrigatório
dsa_responsible_party_address[marketplace_id=A2Q3Y263D00KWC]#1.value,E-mail ou Endereço Eletrônico da Pessoa Responsável,"Informe o endereço de e-mail ou URL para que a Pessoa Responsável da UE cumpra o Regulamento Geral de Segurança de Produtos (GPSR). Se você já enviou as informações dessa Pessoa Responsável no passado, certifique-se de usar o mesmo e-mail ou URL.",rsp-email@example.com,Opcional
compliance_media[marketplace_id=A2Q3Y263D00KWC][content_language=pt_BR][content_type=application_guide]#1.source_location,"Localização da fonte de mídia de conformidade (pt_BR, Guia de aplicação)","Informe o local de origem da mídia de conformidade. (pt_BR, Guia de aplicação)",http://example.eg/sds_1.pdf,Opcional
compliance_media[marketplace_id=A2Q3Y263D00KWC][content_language=pt_BR][content_type=certificate_of_analysis]#1.source_location,"Localização da fonte de mídia de conformidade (pt_BR, Certificado de análise)","Informe o local de origem da mídia de conformidade. (pt_BR, Certificado de análise)",http://example.eg/sds_1.pdf,Opcional
compliance_media[marketplace_id=A2Q3Y263D00KWC][content_language=pt_BR][content_type=certificate_of_compliance]#1.source_location,"Localização da fonte de mídia de conformidade (pt_BR, Certificado de conformidade)","Informe o local de origem da mídia de conformidade. (pt_BR, Certificado de conformidade)",http://example.eg/sds_1.pdf,Opcional
compliance_media[marketplace_id=A2Q3Y263D00KWC][content_language=pt_BR][content_type=compatibility_guide]#1.source_location,"Localização da fonte de mídia de conformidade (pt_BR, Guia de compatibilidade)","Informe o local de origem da mídia de conformidade. (pt_BR, Guia de compatibilidade)",http://example.eg/sds_1.pdf,Opcional
compliance_media[marketplace_id=A2Q3Y263D00KWC][content_language=pt_BR][content_type=emergency_use_authorization]#1.source_location,"Localização da fonte de mídia de conformidade (pt_BR, Autorização de uso emergencial)","Informe o local de origem da mídia de conformidade. (pt_BR, Autorização de uso emergencial)",http://example.eg/sds_1.pdf,Opcional
compliance_media[marketplace_id=A2Q3Y263D00KWC][content_language=pt_BR][content_type=emergency_use_authorization_amendment]#1.source_location,"Localização da fonte de mídia de conformidade (pt_BR, Alteração da autorização de uso emergencial)","Informe o local de origem da mídia de conformidade. (pt_BR, Alteração da autorização de uso emergencial)",http://example.eg/sds_1.pdf,Opcional
compliance_media[marketplace_id=A2Q3Y263D00KWC][content_language=pt_BR][content_type=installation_manual]#1.source_location,"Localização da fonte de mídia de conformidade (pt_BR, Manual de instalação)","Informe o local de origem da mídia de conformidade. (pt_BR, Manual de instalação)",http://example.eg/sds_1.pdf,Opcional
compliance_media[marketplace_id=A2Q3Y263D00KWC][content_language=pt_BR][content_type=instructions_for_use]#1.source_location,"Localização da fonte de mídia de conformidade (pt_BR, Instruções de uso)","Informe o local de origem da mídia de conformidade. (pt_BR, Instruções de uso)",http://example.eg/sds_1.pdf,Opcional
compliance_media[marketplace_id=A2Q3Y263D00KWC][content_language=pt_BR][content_type=patient_fact_sheet]#1.source_location,"Localização da fonte de mídia de conformidade (pt_BR, Ficha técnica do paciente)","Informe o local de origem da mídia de conformidade. (pt_BR, Ficha técnica do paciente)",http://example.eg/sds_1.pdf,Opcional
compliance_media[marketplace_id=A2Q3Y263D00KWC][content_language=pt_BR][content_type=provider_fact_sheet]#1.source_location,"Localização da fonte de mídia de conformidade (pt_BR, Ficha técnica do fornecedor)","Informe o local de origem da mídia de conformidade. (pt_BR, Ficha técnica do fornecedor)",http://example.eg/sds_1.pdf,Opcional
compliance_media[marketplace_id=A2Q3Y263D00KWC][content_language=pt_BR][content_type=safety_data_sheet]#1.source_location,"Localização da fonte de mídia de conformidade (pt_BR, Folha de dados de segurança)","Informe o local de origem da mídia de conformidade. (pt_BR, Folha de dados de segurança)",http://example.eg/sds_1.pdf,Opcional
compliance_media[marketplace_id=A2Q3Y263D00KWC][content_language=pt_BR][content_type=safety_information]#1.source_location,"Localização da fonte de mídia de conformidade (pt_BR, Informações de segurança)","Informe o local de origem da mídia de conformidade. (pt_BR, Informações de segurança)",http://example.eg/sds_1.pdf,Opcional
compliance_media[marketplace_id=A2Q3Y263D00KWC][content_language=pt_BR][content_type=specification_sheet]#1.source_location,"Localização da fonte de mídia de conformidade (pt_BR, Ficha de especificações)","Informe o local de origem da mídia de conformidade. (pt_BR, Ficha de especificações)",http://example.eg/sds_1.pdf,Opcional
compliance_media[marketplace_id=A2Q3Y263D00KWC][content_language=pt_BR][content_type=troubleshooting_guide]#1.source_location,"Localização da fonte de mídia de conformidade (pt_BR, Guia de solução de problemas)","Informe o local de origem da mídia de conformidade. (pt_BR, Guia de solução de problemas)",http://example.eg/sds_1.pdf,Opcional
compliance_media[marketplace_id=A2Q3Y263D00KWC][content_language=pt_BR][content_type=user_guide]#1.source_location,"Localização da fonte de mídia de conformidade (pt_BR, Guia do usuário)","Informe o local de origem da mídia de conformidade. (pt_BR, Guia do usuário)",http://example.eg/sds_1.pdf,Opcional
compliance_media[marketplace_id=A2Q3Y263D00KWC][content_language=pt_BR][content_type=user_manual]#1.source_location,"Localização da fonte de mídia de conformidade (pt_BR, Manual do usuário)","Informe o local de origem da mídia de conformidade. (pt_BR, Manual do usuário)",http://example.eg/sds_1.pdf,Opcional
compliance_media[marketplace_id=A2Q3Y263D00KWC][content_language=pt_BR][content_type=warranty]#1.source_location,"Localização da fonte de mídia de conformidade (pt_BR, Garantia)","Informe o local de origem da mídia de conformidade. (pt_BR, Garantia)",http://example.eg/sds_1.pdf,Opcional
gpsr_safety_attestation[marketplace_id=A2Q3Y263D00KWC]#1.value,Atestado de Segurança GPSR,"Marque “sim” se o produto não tem avisos e informações de segurança, pois pode ser usado de maneira segura e conforme o esperado sem essas instruções.",Sim,Opcional
gpsr_manufacturer_reference[marketplace_id=A2Q3Y263D00KWC]#1.gpsr_manufacturer_email_address,E-mail ou endereço eletrônico do fabricante,"Informe o endereço de e-mail ou URL do fabricante para cumprir o Regulamento Geral de Segurança de Produtos (GPSR) da UE. Se você já enviou as informações desse fabricante no passado, certifique-se de usar o mesmo e-mail ou URL.",abc@example.com,Opcional
ships_globally[marketplace_id=A2Q3Y263D00KWC]#1.value,Envio Global,Informe se o produto pode ser enviado globalmente pela Amazon.,Sim,Opcional
ghs_chemical_h_code[marketplace_id=A2Q3Y263D00KWC]#1.value,ghs_chemical_h_code[marketplace_id=A2Q3Y263D00KWC]#1.value,,,Opcional
batteries_required[marketplace_id=A2Q3Y263D00KWC]#1.value,Baterias são necessárias?,"Selecione ""sim"" se forem necessárias baterias para ligar o item (ou se o item for uma bateria) ou ""não"" se não for esse o caso. Note que uma bateria recarregável interna também é considerada uma bateria","Sim, Não",Condicionalmente obrigatório
batteries_included[marketplace_id=A2Q3Y263D00KWC]#1.value,Baterias incluídas?,"Selecione “sim” caso o produto contenha pilhas ou baterias (por exemplo, pilhas dentro de fones Bluetooth) e/ou caso o produto venha com pilhas/baterias (por exemplo, pilhas embaladas separadamente de uma câmera). Caso contrário, selecione “não”","Sim, Não",Condicionalmente obrigatório
battery[marketplace_id=A2Q3Y263D00KWC]#1.cell_composition#1.value,Composição da célula da pilha,Selecione a composição química da célula da pilha,"NiMH, Íon-lítio",Condicionalmente obrigatório
battery[marketplace_id=A2Q3Y263D00KWC]#1.cell_composition_other_than_listed[language_tag=pt_BR]#1.value,Composição da Célula da Bateria Diferente das Listadas,Informe os componentes da célula da bateria do produto que não estão listados em composição da célula da bateria.,Óxido de Prata (Ag2O),Condicionalmente obrigatório
battery[marketplace_id=A2Q3Y263D00KWC]#1.weight#1.value,Peso da bateria,Forneça o peso líquido total (valor numérico) das baterias incluídas. Este é o peso das baterias autônomas que não incluem embalagem ou dispositivo em que pode ser usada.,2.5,Condicionalmente obrigatório
battery[marketplace_id=A2Q3Y263D00KWC]#1.weight#1.unit,Unidade de peso da bateria,Forneça a unidade de peso da pilha,Gramas,Condicionalmente obrigatório
num_batteries[marketplace_id=A2Q3Y263D00KWC]#1.quantity,Número de baterias,"Especifique o número de baterias necessárias para alimentar o item  Se as baterias estiverem incluídas no item, lembre-se de considerar as baterias sobressalentes fornecidas","1, 4",Condicionalmente obrigatório
num_batteries[marketplace_id=A2Q3Y263D00KWC]#1.type,Tipo de bateria,"Indique o tipo de bateria necessário para alimentar o produto, incluindo peças de reposição, se inclusas. Algumas opções podem ser movidas para outro atributo, por exemplo, Código IEC","12V, 9V",Condicionalmente obrigatório
number_of_lithium_metal_cells[marketplace_id=A2Q3Y263D00KWC]#1.value,Número de células de metal de lítio,"Especifique o número total de células de lítio no produto em que a célula não está contida em uma bateria fechada (por exemplo, células tipo moeda)",7,Condicionalmente obrigatório
number_of_lithium_ion_cells[marketplace_id=A2Q3Y263D00KWC]#1.value,Número de células de íon-lítio,"Especifique o número total de células de íon-lítio no produto em que a célula não está contida em uma bateria fechada. Por exemplo, uma pilha AA é considerada uma célula",7,Condicionalmente obrigatório
lithium_battery[marketplace_id=A2Q3Y263D00KWC]#1.energy_content#1.value,Conteúdo de energia da bateria de lítio,Forneça o conteúdo de energia da bateria de lítio (valor numérico),2.6,Condicionalmente obrigatório
lithium_battery[marketplace_id=A2Q3Y263D00KWC]#1.energy_content#1.unit,Unidade de conteúdo de energia da bateria de lítio,Selecione a unidade correspondente,Watt-hora,Condicionalmente obrigatório
lithium_battery[marketplace_id=A2Q3Y263D00KWC]#1.packaging#1.value,Embalagem da bateria de lítio,Selecione “no equipamento” se a bateria estiver contida no item. Selecione “com equipamento” se a bateria for embalada separadamente com o dispositivo para o qual se destina. Selecione “somente” se o produto for uma bateria vendida separadamente ou com itens para os quais não se destina.,"Pilhas contidas no equipamento, Pilhas embaladas com o equipamento, Somente pilhas",Condicionalmente obrigatório
lithium_battery[marketplace_id=A2Q3Y263D00KWC]#1.weight#1.value,Peso da bateria de lítio,Forneça o peso do lítio contido na célula ou na bateria como um valor numérico,"0.5, 0.03",Condicionalmente obrigatório
lithium_battery[marketplace_id=A2Q3Y263D00KWC]#1.weight#1.unit,Unidade de peso da bateria de lítio,Selecione a unidade de peso correspondente,Gramas,Condicionalmente obrigatório
compliance_down_plumage_weight[marketplace_id=A2Q3Y263D00KWC]#1.value,Conformidade - Peso da Plumagem de Down,"Informe o peso da plumagem e do enchimento de penas usados no produto, para fins de conformidade.",Mais de 15 por cento de penas e plumas,Opcional
compliance_other_material_additions[marketplace_id=A2Q3Y263D00KWC]#1.value,Conformidade - Outras Adições de Material,"Informe os materiais presentes no produto, se aplicável, para fins de conformidade. Metais preciosos incluem ouro, prata, platina.",Pérolas,Opcional
compliance_is_handmade[marketplace_id=A2Q3Y263D00KWC]#1.value,Conformidade - É Feito à Mão,"Informe se o produto foi ou não feito à mão, para fins de conformidade.",Sim,Opcional
compliance_printing_method[marketplace_id=A2Q3Y263D00KWC]#1.value,Conformidade - Método de impressão,"Informe o estilo usado para imprimir um design no produto, para fins de conformidade. O método Batik é o uso de cera em tecido para criar desenhos.",Impresso à Mão - Batik,Opcional
compliance_age_range[marketplace_id=A2Q3Y263D00KWC]#1.value,Conformidade - Faixa Etária,"Informe a faixa etária para a qual o produto se destina, para fins de conformidade. Bebê/criança é definido como altura do corpo que não excede 86 cm.",Mulheres,Opcional
compliance_weave_type[marketplace_id=A2Q3Y263D00KWC]#1.value,Conformidade - Tipo de Tecelagem,"Informe o tipo de tecelagem do produto usado em sua fabricação, para fins de conformidade.","Tricotado, Crochê, Tecido",Condicionalmente obrigatório
compliance_is_furskin_present[marketplace_id=A2Q3Y263D00KWC]#1.value,Conformidade - Pele de Animal Presente,"Informe se o produto contém pele de pelo, para fins de conformidade. Pele de pelo refere-se a couros curtidos/tratados com a lã.",Sim,Opcional
main_product_image_locator[marketplace_id=A2Q3Y263D00KWC]#1.media_location,URL da imagem principal,O URL em que a imagem principal específica da oferta do produto está localizada.,http://www.companyname.com/images/1250.main.jpg,Opcional
other_product_image_locator_1[marketplace_id=A2Q3Y263D00KWC]#1.media_location,Outro URL da imagem,O URL para imagens adicionais do seu produto. Essas imagens serão exibidas na página quando o cliente clicar para ver outras visualizações associadas ao produto.,http://www.companyname.com/images/1250.other1.jpg,Opcional
other_product_image_locator_2[marketplace_id=A2Q3Y263D00KWC]#1.media_location,Outro URL da imagem,O URL para imagens adicionais do seu produto. Essas imagens serão exibidas na página de detalhes quando o cliente clicar para ver outras visualizações associadas ao produto.,http://www.companyname.com/images/1250.other1.jpg,Opcional
other_product_image_locator_3[marketplace_id=A2Q3Y263D00KWC]#1.media_location,Outro URL de imagem,O URL para imagens adicionais do seu produto. Estas imagens serão mostradas na página de detalhes quando o cliente clicar para ver outras visualizações associadas ao produto.,http://www.companyname.com/images/1250.other1.jpg,Opcional
other_product_image_locator_4[marketplace_id=A2Q3Y263D00KWC]#1.media_location,Outro URL de imagem,O URL para imagens adicionais do seu produto. Estas imagens serão mostradas na página de detalhes quando o cliente clicar para ver outras visualizações associadas ao produto.,http://www.companyname.com/images/1250.other1.jpg,Opcional
other_product_image_locator_5[marketplace_id=A2Q3Y263D00KWC]#1.media_location,Outro URL de imagem,O URL para imagens adicionais do seu produto. Estas imagens serão mostradas na página de detalhes quando o cliente clicar para ver outras visualizações associadas ao produto.,http://www.companyname.com/images/1250.other1.jpg,Opcional
other_product_image_locator_6[marketplace_id=A2Q3Y263D00KWC]#1.media_location,Outro URL de imagem,O URL para imagens adicionais do seu produto. Estas imagens serão mostradas na página de detalhes quando o cliente clicar para ver outras visualizações associadas ao produto.,http://www.companyname.com/images/1250.other1.jpg,Opcional
other_product_image_locator_7[marketplace_id=A2Q3Y263D00KWC]#1.media_location,Outro URL de imagem,O URL para imagens adicionais do seu produto. Estas imagens serão mostradas na página de detalhes quando o cliente clicar para ver outras visualizações associadas ao produto.,http://www.companyname.com/images/1250.other1.jpg,Opcional
other_product_image_locator_8[marketplace_id=A2Q3Y263D00KWC]#1.media_location,Outro URL de imagem,O URL para imagens adicionais do seu produto. Estas imagens serão mostradas na página de detalhes quando o cliente clicar para ver outras visualizações associadas ao produto.,http://www.companyname.com/images/1250.other1.jpg,Opcional
swatch_product_image_locator[marketplace_id=A2Q3Y263D00KWC]#1.media_location,URL da imagem de amostra,O URL em que está localizada uma imagem de uma amostra de cor do produto,http://www.companyname.com/images/1250.swatch.jpg,Opcional
item_package_dimensions[marketplace_id=A2Q3Y263D00KWC]#1.length.value,Comprimento do pacote,Forneça o comprimento da embalagem como um valor numérico.,10,Condicionalmente obrigatório
item_package_dimensions[marketplace_id=A2Q3Y263D00KWC]#1.length.unit,Unidade de comprimento do pacote,"Selecione a unidade de medida do comprimento do pacote. Se um valor do comprimento do pacote for fornecido, deve também inserir a unidade correspondente.",Polegadas,Condicionalmente obrigatório
item_package_dimensions[marketplace_id=A2Q3Y263D00KWC]#1.width.value,Largura do pacote,Forneça a largura do pacote como um valor numérico.,2,Condicionalmente obrigatório
item_package_dimensions[marketplace_id=A2Q3Y263D00KWC]#1.width.unit,Unidade de largura do pacote,"Selecione a unidade de medida da largura do pacote. Se um valor da largura do pacote for fornecido, deve também inserir a unidade correspondente.",Polegadas,Condicionalmente obrigatório
item_package_dimensions[marketplace_id=A2Q3Y263D00KWC]#1.height.value,Altura do pacote,Forneça a altura do pacote como um valor numérico.,2.7,Condicionalmente obrigatório
item_package_dimensions[marketplace_id=A2Q3Y263D00KWC]#1.height.unit,Unidade de altura do pacote,"Selecione a unidade de medida da altura da embalagem. Se o valor da altura da embalagem for fornecido, deve também inserir a unidade correspondente.",Polegadas,Condicionalmente obrigatório
item_package_weight[marketplace_id=A2Q3Y263D00KWC]#1.value,Peso do pacote,Forneça o peso do pacote como um valor numérico.,0.65,Condicionalmente obrigatório
item_package_weight[marketplace_id=A2Q3Y263D00KWC]#1.unit,Unidade de peso do pacote,"Selecione a unidade de medida do peso do pacote. Se um valor do peso do pacote for fornecido, deve também inserir a unidade correspondente.","Libras, Gramas",Condicionalmente obrigatório
item_display_weight[marketplace_id=A2Q3Y263D00KWC]#1.value,Peso da tela do item,Força o peso do item (numérico) se o produto for sólido,"20, 50",Condicionalmente obrigatório
item_display_weight[marketplace_id=A2Q3Y263D00KWC]#1.unit,Unidade de peso da tela do item,Selecione a unidade correspondente,"Onças, libras",Condicionalmente obrigatório
